contract_id,leads_id,date,subscription_type,number_of_employee,reten_flag,user_price
1194,3338,2022-12-19,Startup,15,0,20000
1737,3338,2023-12-19,Startup,15,1,20000
268,980,2021-10-07,Startup,275,0,20000
441,1579,2022-02-01,Startup,275,0,20000
1283,1579,2023-02-01,Startup,275,1,20000
1486,2351,2023-07-08,Startup,275,1,20000
1542,2579,2023-08-22,Startup,275,1,20000
886,2579,2022-08-22,Startup,275,0,20000
783,2351,2022-07-08,Startup,275,0,20000
194,767,2021-07-29,Startup,20,0,20000
837,767,2022-07-29,Startup,20,1,20000
325,1210,2021-12-03,Startup,25,0,20000
1179,1210,2022-12-03,Startup,25,1,20000
114,438,2021-04-30,Startup,25,0,20000
626,438,2022-04-30,Startup,25,1,20000
261,992,2021-10-01,Startup,35,0,20000
971,992,2022-10-01,Startup,35,1,20000
1583,2724,2023-09-23,Startup,300,1,20000
1399,1980,2023-05-03,Startup,300,1,20000
636,1980,2022-05-03,Startup,300,0,20000
208,780,2021-08-04,Startup,300,0,20000
951,2724,2022-09-23,Startup,300,0,20000
869,780,2022-08-04,Startup,300,1,20000
82,360,2021-04-01,Startup,45,0,20000
23,73,2021-01-08,Startup,45,0,20000
531,360,2022-04-01,Startup,45,1,20000
396,73,2022-01-08,Startup,45,1,20000
1683,3021,2023-11-02,Startup,50,1,20000
976,2801,2022-10-03,Startup,50,0,20000
1186,1259,2022-12-07,Startup,50,1,20000
1150,1185,2022-11-24,Startup,50,1,20000
316,1185,2021-11-24,Startup,50,0,20000
1695,3127,2023-11-03,Startup,50,1,20000
1003,2774,2022-10-05,Startup,50,0,20000
990,2754,2022-10-04,Startup,50,0,20000
1457,2267,2023-07-01,Startup,50,1,20000
1243,1373,2023-01-05,Startup,50,1,20000
1533,2503,2023-08-02,Startup,50,1,20000
1605,2774,2023-10-05,Startup,50,1,20000
744,2267,2022-07-01,Startup,50,0,20000
1555,2618,2023-08-31,Startup,50,1,20000
1593,2801,2023-10-03,Startup,50,1,20000
1643,2979,2023-10-25,Startup,50,1,20000
1468,2306,2023-07-05,Startup,50,1,20000
1479,2275,2023-07-07,Startup,50,1,20000
1047,2979,2022-10-25,Startup,50,0,20000
912,2618,2022-08-31,Startup,50,0,20000
768,2306,2022-07-05,Startup,50,0,20000
1109,3021,2022-11-02,Startup,50,0,20000
1601,2754,2023-10-04,Startup,50,1,20000
381,1373,2022-01-05,Startup,50,0,20000
860,2503,2022-08-02,Startup,50,0,20000
329,1259,2021-12-07,Startup,50,0,20000
779,2275,2022-07-07,Startup,50,0,20000
1118,3127,2022-11-03,Startup,50,0,20000
638,1942,2022-05-03,Startup,50,0,20000
1401,1942,2023-05-03,Startup,50,1,20000
1043,3002,2022-10-25,Startup,60,0,20000
450,126,2022-02-04,Startup,60,1,20000
1303,1639,2023-02-28,Startup,60,1,20000
632,444,2022-05-03,Startup,60,1,20000
1597,2838,2023-10-04,Startup,60,1,20000
171,678,2021-07-02,Startup,60,0,20000
992,2838,2022-10-04,Startup,60,0,20000
1333,1754,2023-04-01,Startup,60,1,20000
753,678,2022-07-02,Startup,60,1,20000
1206,1299,2022-12-23,Startup,60,1,20000
986,2821,2022-10-04,Startup,60,0,20000
1599,2750,2023-10-04,Startup,60,1,20000
991,2750,2022-10-04,Startup,60,0,20000
653,1984,2022-05-06,Startup,60,0,20000
1596,2821,2023-10-04,Startup,60,1,20000
335,1299,2021-12-23,Startup,60,0,20000
1411,1984,2023-05-06,Startup,60,1,20000
1286,1555,2023-02-02,Startup,60,1,20000
43,126,2021-02-04,Startup,60,0,20000
444,1555,2022-02-02,Startup,60,0,20000
96,361,2021-04-08,Startup,60,0,20000
559,333,2022-04-05,Startup,60,1,20000
117,444,2021-05-03,Startup,60,0,20000
90,333,2021-04-05,Startup,60,0,20000
890,837,2022-08-23,Startup,60,1,20000
534,1754,2022-04-01,Startup,60,0,20000
486,1639,2022-02-28,Startup,60,0,20000
520,1706,2022-03-25,Startup,60,0,20000
222,837,2021-08-23,Startup,60,0,20000
402,1423,2022-01-14,Startup,325,0,20000
568,359,2022-04-06,Startup,325,1,20000
1744,3336,2023-12-22,Startup,325,1,20000
1257,1423,2023-01-14,Startup,325,1,20000
92,359,2021-04-06,Startup,325,0,20000
1201,3336,2022-12-22,Startup,325,0,20000
442,110,2022-02-02,Startup,325,1,20000
37,110,2021-02-02,Startup,325,0,20000
1502,2383,2023-07-22,Startup,70,1,20000
1490,2322,2023-07-11,Startup,70,1,20000
637,2001,2022-05-03,Startup,70,0,20000
252,979,2021-09-29,Startup,70,0,20000
755,651,2022-07-02,Startup,70,1,20000
677,2058,2022-05-30,Startup,70,0,20000
1288,1523,2023-02-03,Startup,70,1,20000
960,979,2022-09-29,Startup,70,1,20000
1277,1530,2023-01-31,Startup,70,1,20000
1420,2058,2023-05-30,Startup,70,1,20000
792,2322,2022-07-11,Startup,70,0,20000
669,501,2022-05-24,Startup,70,1,20000
680,2081,2022-05-30,Startup,70,0,20000
449,1523,2022-02-03,Startup,70,0,20000
1367,1859,2023-04-14,Startup,70,1,20000
670,523,2022-05-24,Startup,70,1,20000
1402,2001,2023-05-03,Startup,70,1,20000
1423,2081,2023-05-30,Startup,70,1,20000
585,1859,2022-04-14,Startup,70,0,20000
1212,3345,2022-12-27,Startup,70,0,20000
134,501,2021-05-24,Startup,70,0,20000
811,2383,2022-07-22,Startup,70,0,20000
110,409,2021-04-28,Startup,70,0,20000
174,651,2021-07-02,Startup,70,0,20000
1704,3198,2023-11-21,Startup,70,1,20000
432,1530,2022-01-31,Startup,70,0,20000
133,523,2021-05-24,Startup,70,0,20000
35,134,2021-02-01,Startup,70,0,20000
309,1167,2021-11-08,Startup,70,0,20000
619,409,2022-04-28,Startup,70,1,20000
1143,3198,2022-11-21,Startup,70,0,20000
1588,2722,2023-09-29,Startup,80,1,20000
671,2049,2022-05-24,Startup,80,0,20000
701,2092,2022-06-03,Startup,80,0,20000
121,432,2021-05-06,Startup,80,0,20000
241,925,2021-09-15,Startup,80,0,20000
1434,2092,2023-06-03,Startup,80,1,20000
229,859,2021-09-01,Startup,80,0,20000
1383,1921,2023-04-26,Startup,80,1,20000
1706,3194,2023-11-22,Startup,80,1,20000
1688,3100,2023-11-03,Startup,80,1,20000
685,536,2022-06-01,Startup,80,1,20000
607,1921,2022-04-26,Startup,80,0,20000
1319,1671,2023-03-04,Startup,80,1,20000
206,794,2021-08-03,Startup,80,0,20000
1418,2049,2023-05-24,Startup,80,1,20000
257,957,2021-10-01,Startup,80,0,20000
463,1598,2022-02-09,Startup,80,0,20000
142,536,2021-06-01,Startup,80,0,20000
865,794,2022-08-03,Startup,80,1,20000
968,957,2022-10-01,Startup,80,1,20000
1121,3100,2022-11-03,Startup,80,0,20000
1246,1391,2023-01-05,Startup,80,1,20000
1146,3194,2022-11-22,Startup,80,0,20000
384,1391,2022-01-05,Startup,80,0,20000
650,432,2022-05-06,Startup,80,1,20000
946,925,2022-09-15,Startup,80,1,20000
963,2722,2022-09-29,Startup,80,0,20000
1293,1598,2023-02-09,Startup,80,1,20000
501,1671,2022-03-04,Startup,80,0,20000
479,199,2022-02-25,Startup,90,1,20000
1692,2986,2023-11-03,Startup,90,1,20000
141,526,2021-05-31,Startup,90,0,20000
55,199,2021-02-25,Startup,90,0,20000
472,1621,2022-02-23,Startup,90,0,20000
1275,1493,2023-01-31,Startup,90,1,20000
80,339,2021-04-01,Startup,90,0,20000
885,2563,2022-08-22,Startup,90,0,20000
1123,3151,2022-11-03,Startup,90,0,20000
1543,2563,2023-08-22,Startup,90,1,20000
1354,1815,2023-04-05,Startup,90,1,20000
799,2380,2022-07-18,Startup,90,0,20000
1041,2937,2022-10-24,Startup,90,0,20000
1078,1089,2022-10-29,Startup,90,1,20000
1441,2160,2023-06-14,Startup,90,1,20000
1134,3113,2022-11-08,Startup,90,0,20000
862,2515,2022-08-02,Startup,90,0,20000
1314,1627,2023-03-03,Startup,90,1,20000
1521,2485,2023-07-29,Startup,90,1,20000
498,1627,2022-03-03,Startup,90,0,20000
1700,3113,2023-11-08,Startup,90,1,20000
1357,1820,2023-04-07,Startup,90,1,20000
288,1089,2021-10-29,Startup,90,0,20000
1639,2937,2023-10-24,Startup,90,1,20000
1299,1621,2023-02-23,Startup,90,1,20000
1119,2986,2022-11-03,Startup,90,0,20000
269,1035,2021-10-08,Startup,90,0,20000
575,1820,2022-04-07,Startup,90,0,20000
1016,1035,2022-10-08,Startup,90,1,20000
1195,3328,2022-12-20,Startup,90,0,20000
1495,2380,2023-07-18,Startup,90,1,20000
1689,3151,2023-11-03,Startup,90,1,20000
640,1973,2022-05-03,Startup,90,0,20000
1219,3394,2022-12-30,Startup,90,0,20000
1329,1744,2023-03-30,Startup,90,1,20000
840,2485,2022-07-29,Startup,90,0,20000
528,1744,2022-03-30,Startup,90,0,20000
1397,1973,2023-05-03,Startup,90,1,20000
1739,3328,2023-12-20,Startup,90,1,20000
713,2160,2022-06-14,Startup,90,0,20000
682,526,2022-05-31,Startup,90,1,20000
435,1493,2022-01-31,Startup,90,0,20000
565,1815,2022-04-05,Startup,90,0,20000
859,2480,2022-08-02,Startup,350,0,20000
1531,2480,2023-08-02,Startup,350,1,20000
189,774,2021-07-27,Startup,100,0,20000
1287,1503,2023-02-03,Startup,100,1,20000
547,1783,2022-04-04,Startup,100,0,20000
1012,2846,2022-10-07,Startup,100,0,20000
20,10,2021-01-07,Startup,100,0,20000
1157,1190,2022-11-26,Startup,100,1,20000
1454,2250,2023-07-01,Startup,100,1,20000
339,1295,2021-12-28,Startup,100,0,20000
1520,2491,2023-07-28,Startup,100,1,20000
1752,3372,2023-12-30,Startup,100,1,20000
1033,2911,2022-10-20,Startup,100,0,20000
393,10,2022-01-07,Startup,100,1,20000
1615,2870,2023-10-06,Startup,100,1,20000
1008,2870,2022-10-06,Startup,100,0,20000
1620,2846,2023-10-07,Startup,100,1,20000
828,774,2022-07-27,Startup,100,1,20000
249,955,2021-09-27,Startup,100,0,20000
318,1190,2021-11-26,Startup,100,0,20000
1227,1383,2023-01-03,Startup,100,1,20000
1635,2911,2023-10-20,Startup,100,1,20000
954,955,2022-09-27,Startup,100,1,20000
1345,1783,2023-04-04,Startup,100,1,20000
1487,2237,2023-07-08,Startup,100,1,20000
12,6,2021-01-05,Startup,100,0,20000
1589,2818,2023-10-03,Startup,100,1,20000
1220,3372,2022-12-30,Startup,100,0,20000
1451,2247,2023-07-01,Startup,100,1,20000
368,1310,2022-01-04,Startup,100,0,20000
741,2247,2022-07-01,Startup,100,0,20000
273,1045,2021-10-18,Startup,100,0,20000
740,2250,2022-07-01,Startup,100,0,20000
834,2491,2022-07-28,Startup,100,0,20000
360,1383,2022-01-03,Startup,100,0,20000
789,2237,2022-07-08,Startup,100,0,20000
975,2818,2022-10-03,Startup,100,0,20000
1240,1310,2023-01-04,Startup,100,1,20000
1025,1045,2022-10-18,Startup,100,1,20000
448,1503,2022-02-03,Startup,100,0,20000
801,2395,2022-07-19,Startup,110,0,20000
33,111,2021-01-28,Startup,110,0,20000
751,2205,2022-07-01,Startup,110,0,20000
1011,2872,2022-10-07,Startup,110,0,20000
1248,1319,2023-01-05,Startup,110,1,20000
920,874,2022-09-02,Startup,110,1,20000
1382,1907,2023-04-26,Startup,110,1,20000
383,1319,2022-01-05,Startup,110,0,20000
1155,1191,2022-11-25,Startup,110,1,20000
1622,2872,2023-10-07,Startup,110,1,20000
1265,1459,2023-01-25,Startup,110,1,20000
140,524,2021-05-31,Startup,110,0,20000
1225,1301,2022-12-31,Startup,110,1,20000
1728,3306,2023-12-02,Startup,110,1,20000
1541,2557,2023-08-16,Startup,110,1,20000
1139,1182,2022-11-15,Startup,110,1,20000
1427,2104,2023-06-01,Startup,110,1,20000
346,1301,2021-12-31,Startup,110,0,20000
415,1459,2022-01-25,Startup,110,0,20000
66,243,2021-03-08,Startup,110,0,20000
881,842,2022-08-19,Startup,110,1,20000
424,111,2022-01-28,Startup,110,1,20000
681,524,2022-05-31,Startup,110,1,20000
216,842,2021-08-19,Startup,110,0,20000
690,2104,2022-06-01,Startup,110,0,20000
1178,3306,2022-12-02,Startup,110,0,20000
507,243,2022-03-08,Startup,110,1,20000
1458,2205,2023-07-01,Startup,110,1,20000
879,2557,2022-08-16,Startup,110,0,20000
317,1191,2021-11-25,Startup,110,0,20000
766,2287,2022-07-05,Startup,110,0,20000
313,1182,2021-11-15,Startup,110,0,20000
610,1907,2022-04-26,Startup,110,0,20000
233,874,2021-09-02,Startup,110,0,20000
1471,2287,2023-07-05,Startup,110,1,20000
1142,3201,2022-11-21,Startup,375,0,20000
1341,1740,2023-04-04,Startup,375,1,20000
225,880,2021-08-27,Startup,375,0,20000
853,2528,2022-08-01,Startup,375,0,20000
554,1740,2022-04-04,Startup,375,0,20000
1526,2528,2023-08-01,Startup,375,1,20000
1133,3164,2022-11-08,Startup,120,0,20000
334,1269,2021-12-22,Startup,120,0,20000
1466,2260,2023-07-04,Startup,120,1,20000
909,2622,2022-08-31,Startup,120,0,20000
1252,1358,2023-01-06,Startup,120,1,20000
291,1074,2021-10-29,Startup,120,0,20000
1260,1456,2023-01-21,Startup,120,1,20000
1262,1457,2023-01-24,Startup,120,1,20000
1699,3164,2023-11-08,Startup,120,1,20000
275,1056,2021-10-20,Startup,120,0,20000
154,599,2021-06-16,Startup,120,0,20000
778,2320,2022-07-07,Startup,120,0,20000
294,1116,2021-11-01,Startup,120,0,20000
408,1456,2022-01-21,Startup,120,0,20000
1735,3318,2023-12-15,Startup,120,1,20000
1556,2622,2023-08-31,Startup,120,1,20000
1111,3088,2022-11-02,Startup,120,0,20000
760,2260,2022-07-04,Startup,120,0,20000
1192,3318,2022-12-15,Startup,120,0,20000
219,838,2021-08-20,Startup,120,0,20000
1613,2862,2023-10-05,Startup,120,1,20000
395,22,2022-01-08,Startup,120,1,20000
884,838,2022-08-20,Startup,120,1,20000
387,1358,2022-01-06,Startup,120,0,20000
1480,2320,2023-07-07,Startup,120,1,20000
1432,2075,2023-06-02,Startup,120,1,20000
1081,1074,2022-10-29,Startup,120,1,20000
227,882,2021-08-31,Startup,120,0,20000
22,22,2021-01-08,Startup,120,0,20000
999,2862,2022-10-05,Startup,120,0,20000
112,417,2021-04-28,Startup,120,0,20000
1199,1269,2022-12-22,Startup,120,1,20000
411,1457,2022-01-24,Startup,120,0,20000
699,2075,2022-06-02,Startup,120,0,20000
1681,3088,2023-11-02,Startup,120,1,20000
903,882,2022-08-31,Startup,120,1,20000
513,1704,2022-03-22,Startup,130,0,20000
810,2382,2022-07-22,Startup,130,0,20000
1503,2382,2023-07-22,Startup,130,1,20000
195,760,2021-07-29,Startup,130,0,20000
1044,2976,2022-10-25,Startup,130,0,20000
185,736,2021-07-22,Startup,130,0,20000
1565,2644,2023-09-02,Startup,130,1,20000
254,972,2021-09-30,Startup,130,0,20000
1018,1037,2022-10-12,Startup,130,1,20000
1391,1925,2023-04-29,Startup,130,1,20000
711,2157,2022-06-09,Startup,130,0,20000
964,972,2022-09-30,Startup,130,1,20000
490,1677,2022-03-01,Startup,130,0,20000
1697,3137,2023-11-04,Startup,130,1,20000
1439,2157,2023-06-09,Startup,130,1,20000
926,2644,2022-09-02,Startup,130,0,20000
270,1037,2021-10-12,Startup,130,0,20000
1641,2976,2023-10-25,Startup,130,1,20000
629,1971,2022-05-02,Startup,130,0,20000
809,736,2022-07-22,Startup,130,1,20000
1633,2940,2023-10-19,Startup,130,1,20000
623,1925,2022-04-29,Startup,130,0,20000
1029,2940,2022-10-19,Startup,130,0,20000
1323,1704,2023-03-22,Startup,130,1,20000
1395,1971,2023-05-02,Startup,130,1,20000
839,760,2022-07-29,Startup,130,1,20000
1312,1677,2023-03-01,Startup,130,1,20000
1125,3137,2022-11-04,Startup,130,0,20000
1245,1329,2023-01-05,Startup,140,1,20000
65,247,2021-03-05,Startup,140,0,20000
93,318,2021-04-06,Startup,140,0,20000
407,1435,2022-01-21,Startup,140,0,20000
878,2565,2022-08-15,Startup,140,0,20000
917,2668,2022-09-01,Startup,140,0,20000
1264,1492,2023-01-25,Startup,140,1,20000
1679,3033,2023-11-01,Startup,140,1,20000
612,430,2022-04-27,Startup,140,1,20000
1619,2844,2023-10-07,Startup,140,1,20000
217,850,2021-08-20,Startup,140,0,20000
567,318,2022-04-06,Startup,140,1,20000
1110,3042,2022-11-02,Startup,140,0,20000
941,2689,2022-09-08,Startup,140,0,20000
1540,2565,2023-08-15,Startup,140,1,20000
555,1826,2022-04-04,Startup,140,0,20000
1088,3068,2022-10-31,Startup,140,0,20000
333,1278,2021-12-22,Startup,140,0,20000
1138,1176,2022-11-12,Startup,140,1,20000
1144,3207,2022-11-21,Startup,140,0,20000
1435,2109,2023-06-06,Startup,140,1,20000
1529,2470,2023-08-01,Startup,140,1,20000
4,28,2021-01-01,Startup,140,0,20000
705,2109,2022-06-06,Startup,140,0,20000
1233,1376,2023-01-03,Startup,140,1,20000
421,1502,2022-01-27,Startup,140,0,20000
443,1536,2022-02-02,Startup,140,0,20000
1100,3033,2022-11-01,Startup,140,0,20000
340,1292,2021-12-29,Startup,140,0,20000
414,1492,2022-01-25,Startup,140,0,20000
457,159,2022-02-05,Startup,140,1,20000
895,854,2022-08-25,Startup,140,1,20000
1005,1006,2022-10-06,Startup,140,1,20000
1289,1551,2023-02-04,Startup,140,1,20000
1351,1827,2023-04-05,Startup,140,1,20000
108,430,2021-04-27,Startup,140,0,20000
1014,2844,2022-10-07,Startup,140,0,20000
504,247,2022-03-05,Startup,140,1,20000
854,2543,2022-08-01,Startup,140,0,20000
1426,2098,2023-06-01,Startup,140,1,20000
551,1749,2022-04-04,Startup,140,0,20000
150,545,2021-06-04,Startup,140,0,20000
186,714,2021-07-23,Startup,140,0,20000
350,28,2022-01-01,Startup,140,1,20000
1609,2836,2023-10-05,Startup,140,1,20000
749,2229,2022-07-01,Startup,140,0,20000
342,1309,2021-12-30,Startup,140,0,20000
259,990,2021-10-01,Startup,140,0,20000
48,159,2021-02-05,Startup,140,0,20000
645,2005,2022-05-04,Startup,140,0,20000
1456,2229,2023-07-01,Startup,140,1,20000
267,1006,2021-10-06,Startup,140,0,20000
1380,1915,2023-04-25,Startup,140,1,20000
1636,2935,2023-10-21,Startup,140,1,20000
1267,1473,2023-01-25,Startup,140,1,20000
1628,2908,2023-10-14,Startup,140,1,20000
563,1827,2022-04-05,Startup,140,0,20000
307,1131,2021-11-05,Startup,140,0,20000
1035,2935,2022-10-21,Startup,140,0,20000
1754,3359,2023-12-30,Startup,140,1,20000
969,990,2022-10-01,Startup,140,1,20000
1113,1149,2022-11-03,Startup,140,1,20000
882,850,2022-08-20,Startup,140,1,20000
312,1176,2021-11-12,Startup,140,0,20000
656,486,2022-05-10,Startup,140,1,20000
1410,2004,2023-05-06,Startup,140,1,20000
169,654,2021-07-01,Startup,140,0,20000
604,1915,2022-04-25,Startup,140,0,20000
1344,1826,2023-04-04,Startup,140,1,20000
1528,2543,2023-08-01,Startup,140,1,20000
953,2715,2022-09-26,Startup,140,0,20000
60,205,2021-03-02,Startup,140,0,20000
1335,1737,2023-04-01,Startup,140,1,20000
413,1473,2022-01-25,Startup,140,0,20000
473,1623,2022-02-23,Startup,140,0,20000
1675,3068,2023-10-31,Startup,140,1,20000
1705,3207,2023-11-21,Startup,140,1,20000
380,1329,2022-01-05,Startup,140,0,20000
1217,1292,2022-12-29,Startup,140,1,20000
1580,2689,2023-09-08,Startup,140,1,20000
428,1471,2022-01-28,Startup,140,0,20000
126,486,2021-05-10,Startup,140,0,20000
1301,1623,2023-02-23,Startup,140,1,20000
624,1891,2022-04-29,Startup,140,0,20000
1342,1749,2023-04-04,Startup,140,1,20000
995,2836,2022-10-05,Startup,140,0,20000
493,205,2022-03-02,Startup,140,1,20000
540,1737,2022-04-01,Startup,140,0,20000
1128,1131,2022-11-05,Startup,140,1,20000
1269,1502,2023-01-27,Startup,140,1,20000
652,2004,2022-05-06,Startup,140,0,20000
691,2098,2022-06-01,Startup,140,0,20000
1392,1891,2023-04-29,Startup,140,1,20000
1404,2005,2023-05-04,Startup,140,1,20000
1686,3042,2023-11-02,Startup,140,1,20000
303,1149,2021-11-03,Startup,140,0,20000
816,714,2022-07-23,Startup,140,1,20000
984,1013,2022-10-04,Startup,140,1,20000
1259,1435,2023-01-21,Startup,140,1,20000
1561,2668,2023-09-01,Startup,140,1,20000
362,1376,2022-01-03,Startup,140,0,20000
224,854,2021-08-25,Startup,140,0,20000
738,654,2022-07-01,Startup,140,1,20000
1388,1970,2023-04-27,Startup,140,1,20000
1218,1309,2022-12-30,Startup,140,1,20000
1285,1536,2023-02-02,Startup,140,1,20000
1221,3359,2022-12-30,Startup,140,0,20000
1272,1471,2023-01-28,Startup,140,1,20000
617,1970,2022-04-27,Startup,140,0,20000
1024,2908,2022-10-14,Startup,140,0,20000
702,545,2022-06-04,Startup,140,1,20000
851,2470,2022-08-01,Startup,140,0,20000
1198,1278,2022-12-22,Startup,140,1,20000
8,9,2021-01-04,Startup,140,0,20000
455,1551,2022-02-04,Startup,140,0,20000
265,1013,2021-10-04,Startup,140,0,20000
1386,1983,2023-04-27,Startup,400,1,20000
616,1983,2022-04-27,Startup,400,0,20000
89,297,2021-04-05,Startup,400,0,20000
524,1752,2022-03-28,Startup,150,0,20000
639,1955,2022-05-03,Startup,150,0,20000
1137,1177,2022-11-11,Startup,150,1,20000
956,1000,2022-09-27,Startup,150,1,20000
1389,1914,2023-04-28,Startup,150,1,20000
196,748,2021-07-29,Startup,150,0,20000
286,1098,2021-10-28,Startup,150,0,20000
1346,1811,2023-04-04,Startup,150,1,20000
311,1177,2021-11-11,Startup,150,0,20000
918,884,2022-09-02,Startup,150,1,20000
104,424,2021-04-23,Startup,150,0,20000
137,564,2021-05-28,Startup,150,0,20000
247,1000,2021-09-27,Startup,150,0,20000
808,741,2022-07-22,Startup,150,1,20000
835,748,2022-07-29,Startup,150,1,20000
1164,1204,2022-11-30,Startup,150,1,20000
458,144,2022-02-05,Startup,150,1,20000
489,1646,2022-03-01,Startup,150,0,20000
914,2619,2022-09-01,Startup,150,0,20000
1185,3317,2022-12-06,Startup,150,0,20000
1231,1381,2023-01-03,Startup,150,1,20000
157,611,2021-06-22,Startup,150,0,20000
327,1222,2021-12-03,Startup,150,0,20000
590,1865,2022-04-15,Startup,150,0,20000
716,2183,2022-06-21,Startup,150,0,20000
1120,3084,2022-11-03,Startup,150,0,20000
1390,1932,2023-04-28,Startup,150,1,20000
1563,2619,2023-09-01,Startup,150,1,20000
31,102,2021-01-27,Startup,150,0,20000
256,1002,2021-10-01,Startup,150,0,20000
213,824,2021-08-12,Startup,150,0,20000
1309,1646,2023-03-01,Startup,150,1,20000
1230,1344,2023-01-03,Startup,150,1,20000
420,102,2022-01-27,Startup,150,1,20000
1326,1752,2023-03-28,Startup,150,1,20000
1696,3159,2023-11-04,Startup,150,1,20000
167,631,2021-07-01,Startup,150,0,20000
359,1344,2022-01-03,Startup,150,0,20000
1007,2732,2022-10-06,Startup,150,0,20000
764,2278,2022-07-05,Startup,150,0,20000
331,1250,2021-12-09,Startup,150,0,20000
345,1293,2021-12-31,Startup,150,0,20000
1369,1865,2023-04-15,Startup,150,1,20000
1497,2387,2023-07-19,Startup,150,1,20000
1743,3337,2023-12-22,Startup,150,1,20000
184,741,2021-07-22,Startup,150,0,20000
973,2796,2022-10-03,Startup,150,0,20000
1539,2542,2023-08-08,Startup,150,1,20000
361,1381,2022-01-03,Startup,150,0,20000
621,1914,2022-04-28,Startup,150,0,20000
57,212,2021-02-26,Startup,150,0,20000
876,824,2022-08-12,Startup,150,1,20000
596,1872,2022-04-21,Startup,150,0,20000
511,251,2022-03-12,Startup,150,1,20000
1223,1293,2022-12-31,Startup,150,1,20000
1238,1354,2023-01-04,Startup,150,1,20000
375,45,2022-01-05,Startup,150,1,20000
875,2542,2022-08-08,Startup,150,0,20000
1618,2841,2023-10-07,Startup,150,1,20000
14,45,2021-01-05,Startup,150,0,20000
1030,2939,2022-10-19,Startup,150,0,20000
1126,3159,2022-11-04,Startup,150,0,20000
1200,3337,2022-12-22,Startup,150,0,20000
1693,3084,2023-11-03,Startup,150,1,20000
972,1002,2022-10-01,Startup,150,1,20000
620,1932,2022-04-28,Startup,150,0,20000
1015,2841,2022-10-07,Startup,150,0,20000
301,1132,2021-11-02,Startup,150,0,20000
696,576,2022-06-02,Startup,150,1,20000
1181,1222,2022-12-03,Startup,150,1,20000
1443,2183,2023-06-21,Startup,150,1,20000
553,1811,2022-04-04,Startup,150,0,20000
470,1636,2022-02-22,Startup,150,0,20000
695,551,2022-06-02,Startup,150,1,20000
1522,2494,2023-07-29,Startup,150,1,20000
367,1354,2022-01-04,Startup,150,0,20000
1302,1620,2023-02-24,Startup,150,1,20000
477,1620,2022-02-24,Startup,150,0,20000
278,1083,2021-10-25,Startup,150,0,20000
782,2325,2022-07-07,Startup,150,0,20000
63,259,2021-03-04,Startup,150,0,20000
320,1204,2021-11-30,Startup,150,0,20000
1376,1902,2023-04-22,Startup,150,1,20000
230,884,2021-09-02,Startup,150,0,20000
1470,2278,2023-07-05,Startup,150,1,20000
1527,2489,2023-08-01,Startup,150,1,20000
1592,2796,2023-10-03,Startup,150,1,20000
601,424,2022-04-23,Startup,150,1,20000
1042,1083,2022-10-25,Startup,150,1,20000
1370,1872,2023-04-21,Startup,150,1,20000
1731,3317,2023-12-06,Startup,150,1,20000
145,576,2021-06-02,Startup,150,0,20000
480,212,2022-02-26,Startup,150,1,20000
1297,1636,2023-02-22,Startup,150,1,20000
1481,2325,2023-07-07,Startup,150,1,20000
600,1902,2022-04-22,Startup,150,0,20000
495,245,2022-03-03,Startup,150,1,20000
675,564,2022-05-28,Startup,150,1,20000
1102,1132,2022-11-02,Startup,150,1,20000
841,2494,2022-07-29,Startup,150,0,20000
718,611,2022-06-22,Startup,150,1,20000
47,144,2021-02-05,Startup,150,0,20000
1384,1922,2023-04-26,Startup,150,1,20000
62,245,2021-03-03,Startup,150,0,20000
850,2489,2022-08-01,Startup,150,0,20000
1067,1098,2022-10-28,Startup,150,1,20000
608,1922,2022-04-26,Startup,150,0,20000
800,2387,2022-07-19,Startup,150,0,20000
978,2723,2022-10-03,Startup,150,0,20000
739,631,2022-07-01,Startup,150,1,20000
69,251,2021-03-12,Startup,150,0,20000
1590,2723,2023-10-03,Startup,150,1,20000
1617,2732,2023-10-06,Startup,150,1,20000
1632,2939,2023-10-19,Startup,150,1,20000
147,551,2021-06-02,Startup,150,0,20000
1400,1955,2023-05-03,Startup,150,1,20000
512,281,2022-03-22,Startup,175,1,20000
728,2199,2022-06-28,Startup,175,0,20000
746,2169,2022-07-01,Startup,175,0,20000
1228,1289,2023-01-03,Startup,175,1,20000
1453,2169,2023-07-01,Startup,175,1,20000
1585,2735,2023-09-27,Startup,175,1,20000
71,281,2021-03-22,Startup,175,0,20000
958,2735,2022-09-27,Startup,175,0,20000
354,1289,2022-01-03,Startup,175,0,20000
1449,2199,2023-06-28,Startup,175,1,20000
1034,2927,2022-10-21,Startup,175,0,20000
936,2697,2022-09-07,Startup,175,0,20000
1577,2697,2023-09-07,Startup,175,1,20000
246,943,2021-09-23,Startup,175,0,20000
1581,2682,2023-09-08,Startup,450,1,20000
943,2682,2022-09-08,Startup,450,0,20000
201,747,2021-07-30,Startup,200,0,20000
672,516,2022-05-25,Startup,200,1,20000
1488,2269,2023-07-08,Startup,200,1,20000
152,581,2021-06-07,Startup,200,0,20000
135,516,2021-05-25,Startup,200,0,20000
1654,2955,2023-10-27,Startup,200,1,20000
175,646,2021-07-05,Startup,200,0,20000
787,2269,2022-07-08,Startup,200,0,20000
706,581,2022-06-07,Startup,200,1,20000
849,747,2022-07-30,Startup,200,1,20000
1066,2955,2022-10-27,Startup,200,0,20000
1055,3001,2022-10-26,Startup,225,0,20000
1647,3001,2023-10-26,Startup,225,1,20000
292,1084,2021-10-29,Startup,500,0,20000
19,27,2021-01-07,Startup,250,0,20000
1460,2197,2023-07-01,Startup,250,1,20000
748,2197,2022-07-01,Startup,250,0,20000
698,2071,2022-06-02,Enterprise,275,0,15000
105,380,2021-04-23,Enterprise,275,0,15000
774,2217,2022-07-06,Enterprise,275,0,15000
1749,3368,2023-12-27,Enterprise,275,1,15000
1549,2578,2023-08-26,Enterprise,275,1,15000
1124,1111,2022-11-04,Enterprise,275,1,15000
223,852,2021-08-23,Enterprise,275,0,15000
305,1111,2021-11-04,Enterprise,275,0,15000
1745,3355,2023-12-22,Enterprise,275,1,15000
506,270,2022-03-08,Enterprise,275,1,15000
1211,3368,2022-12-27,Enterprise,275,0,15000
1108,3024,2022-11-02,Enterprise,275,0,15000
874,2534,2022-08-08,Enterprise,275,0,15000
898,2578,2022-08-26,Enterprise,275,0,15000
67,270,2021-03-08,Enterprise,275,0,15000
1202,3355,2022-12-22,Enterprise,275,0,15000
1010,980,2022-10-07,Enterprise,275,1,15000
1182,3252,2022-12-05,Enterprise,275,0,15000
1535,2509,2023-08-03,Enterprise,275,1,15000
1729,3252,2023-12-05,Enterprise,275,1,15000
1538,2534,2023-08-08,Enterprise,275,1,15000
321,1189,2021-11-30,Enterprise,275,0,15000
888,852,2022-08-23,Enterprise,275,1,15000
1476,2217,2023-07-06,Enterprise,275,1,15000
907,2590,2022-08-31,Enterprise,275,0,15000
1165,1189,2022-11-30,Enterprise,275,1,15000
1175,3282,2022-12-01,Enterprise,275,0,15000
1433,2071,2023-06-02,Enterprise,275,1,15000
1687,3024,2023-11-02,Enterprise,275,1,15000
867,2509,2022-08-03,Enterprise,275,0,15000
1553,2590,2023-08-31,Enterprise,275,1,15000
830,2402,2022-07-27,Enterprise,300,0,15000
438,1564,2022-02-01,Enterprise,300,0,15000
1151,1196,2022-11-24,Enterprise,300,1,15000
1317,1634,2023-03-04,Enterprise,300,1,15000
1271,1447,2023-01-27,Enterprise,300,1,15000
236,893,2021-09-03,Enterprise,300,0,15000
905,2599,2022-08-31,Enterprise,300,0,15000
930,893,2022-09-03,Enterprise,300,1,15000
502,1634,2022-03-04,Enterprise,300,0,15000
1459,2255,2023-07-01,Enterprise,300,1,15000
1718,3229,2023-11-29,Enterprise,300,1,15000
1101,3077,2022-11-01,Enterprise,300,0,15000
1519,2402,2023-07-27,Enterprise,300,1,15000
315,1196,2021-11-24,Enterprise,300,0,15000
1680,3077,2023-11-01,Enterprise,300,1,15000
1095,3152,2022-10-31,Enterprise,300,0,15000
603,1887,2022-04-25,Enterprise,300,0,15000
790,2344,2022-07-08,Enterprise,300,0,15000
1163,3229,2022-11-29,Enterprise,300,0,15000
423,1447,2022-01-27,Enterprise,300,0,15000
889,848,2022-08-23,Enterprise,300,1,15000
750,2255,2022-07-01,Enterprise,300,0,15000
220,848,2021-08-23,Enterprise,300,0,15000
9,12,2021-01-04,Enterprise,325,0,15000
1708,3187,2023-11-22,Enterprise,325,1,15000
970,947,2022-10-01,Enterprise,325,1,15000
1629,2916,2023-10-18,Enterprise,325,1,15000
1631,2969,2023-10-19,Enterprise,325,1,15000
857,777,2022-08-02,Enterprise,325,1,15000
1147,3187,2022-11-22,Enterprise,325,0,15000
356,1345,2022-01-03,Enterprise,325,0,15000
1031,2969,2022-10-19,Enterprise,325,0,15000
363,12,2022-01-04,Enterprise,325,1,15000
1661,3000,2023-10-28,Enterprise,325,1,15000
202,777,2021-08-02,Enterprise,325,0,15000
358,1377,2022-01-03,Enterprise,325,0,15000
1232,1377,2023-01-03,Enterprise,325,1,15000
1072,3000,2022-10-28,Enterprise,325,0,15000
176,662,2021-07-05,Enterprise,325,0,15000
1322,1693,2023-03-22,Enterprise,325,1,15000
1028,2916,2022-10-18,Enterprise,325,0,15000
514,1693,2022-03-22,Enterprise,325,0,15000
255,947,2021-10-01,Enterprise,325,0,15000
763,662,2022-07-05,Enterprise,325,1,15000
1234,1345,2023-01-03,Enterprise,325,1,15000
260,973,2021-10-01,Enterprise,350,0,15000
641,431,2022-05-04,Enterprise,350,1,15000
660,482,2022-05-13,Enterprise,350,1,15000
120,431,2021-05-04,Enterprise,350,0,15000
542,286,2022-04-02,Enterprise,350,1,15000
526,1777,2022-03-29,Enterprise,350,0,15000
967,973,2022-10-01,Enterprise,350,1,15000
95,345,2021-04-07,Enterprise,350,0,15000
572,345,2022-04-07,Enterprise,350,1,15000
129,482,2021-05-13,Enterprise,350,0,15000
1546,2573,2023-08-23,Enterprise,350,1,15000
820,2423,2022-07-25,Enterprise,350,0,15000
1437,2127,2023-06-07,Enterprise,350,1,15000
708,2127,2022-06-07,Enterprise,350,0,15000
83,286,2021-04-02,Enterprise,350,0,15000
844,2418,2022-07-29,Enterprise,350,0,15000
892,2573,2022-08-23,Enterprise,350,0,15000
1328,1777,2023-03-29,Enterprise,350,1,15000
392,15,2022-01-07,Enterprise,350,1,15000
1511,2423,2023-07-25,Enterprise,350,1,15000
1524,2418,2023-07-29,Enterprise,350,1,15000
18,15,2021-01-07,Enterprise,350,0,15000
258,1015,2021-10-01,Enterprise,110,0,15000
966,1015,2022-10-01,Enterprise,110,1,15000
644,2026,2022-05-04,Enterprise,375,0,15000
1537,2495,2023-08-04,Enterprise,375,1,15000
406,79,2022-01-21,Enterprise,375,1,15000
535,1767,2022-04-01,Enterprise,375,0,15000
310,1160,2021-11-10,Enterprise,375,0,15000
694,2067,2022-06-01,Enterprise,375,0,15000
1352,1781,2023-04-05,Enterprise,375,1,15000
45,98,2021-02-04,Enterprise,375,0,15000
838,725,2022-07-29,Enterprise,375,1,15000
1550,2602,2023-08-29,Enterprise,375,1,15000
649,465,2022-05-06,Enterprise,375,1,15000
1135,1160,2022-11-10,Enterprise,375,1,15000
1084,2995,2022-10-31,Enterprise,375,0,15000
1572,2678,2023-09-05,Enterprise,375,1,15000
28,79,2021-01-21,Enterprise,375,0,15000
1337,1767,2023-04-01,Enterprise,375,1,15000
1669,2995,2023-10-31,Enterprise,375,1,15000
900,2602,2022-08-29,Enterprise,375,0,15000
1430,2067,2023-06-01,Enterprise,375,1,15000
452,98,2022-02-04,Enterprise,375,1,15000
192,725,2021-07-29,Enterprise,375,0,15000
812,2386,2022-07-22,Enterprise,375,0,15000
561,1781,2022-04-05,Enterprise,375,0,15000
931,2678,2022-09-05,Enterprise,375,0,15000
1406,2026,2023-05-04,Enterprise,375,1,15000
123,465,2021-05-06,Enterprise,375,0,15000
870,2495,2022-08-04,Enterprise,375,0,15000
1507,2386,2023-07-22,Enterprise,375,1,15000
403,74,2022-01-15,Enterprise,130,1,15000
26,74,2021-01-15,Enterprise,130,0,15000
319,1194,2021-11-29,Enterprise,140,0,15000
491,1631,2022-03-01,Enterprise,140,0,15000
1356,1792,2023-04-06,Enterprise,140,1,15000
1188,3316,2022-12-08,Enterprise,140,0,15000
1161,1194,2022-11-29,Enterprise,140,1,15000
664,2039,2022-05-20,Enterprise,140,0,15000
374,18,2022-01-05,Enterprise,140,1,15000
284,1079,2021-10-27,Enterprise,140,0,15000
1415,2039,2023-05-20,Enterprise,140,1,15000
988,2726,2022-10-04,Enterprise,140,0,15000
17,17,2021-01-07,Enterprise,140,0,15000
784,2370,2022-07-08,Enterprise,140,0,15000
15,18,2021-01-05,Enterprise,140,0,15000
937,2653,2022-09-07,Enterprise,140,0,15000
1576,2653,2023-09-07,Enterprise,140,1,15000
1006,2828,2022-10-06,Enterprise,140,0,15000
1484,2370,2023-07-08,Enterprise,140,1,15000
1614,2828,2023-10-06,Enterprise,140,1,15000
571,1792,2022-04-06,Enterprise,140,0,15000
1310,1631,2023-03-01,Enterprise,140,1,15000
537,1724,2022-04-01,Enterprise,140,0,15000
1733,3316,2023-12-08,Enterprise,140,1,15000
391,17,2022-01-07,Enterprise,140,1,15000
1668,3091,2023-10-31,Enterprise,400,1,15000
901,886,2022-08-30,Enterprise,400,1,15000
180,656,2021-07-09,Enterprise,400,0,15000
1177,1202,2022-12-02,Enterprise,400,1,15000
731,2177,2022-06-29,Enterprise,400,0,15000
1090,3091,2022-10-31,Enterprise,400,0,15000
1450,2195,2023-06-30,Enterprise,400,1,15000
560,297,2022-04-05,Enterprise,400,1,15000
324,1202,2021-12-02,Enterprise,400,0,15000
734,2195,2022-06-30,Enterprise,400,0,15000
791,656,2022-07-09,Enterprise,400,1,15000
226,886,2021-08-30,Enterprise,400,0,15000
277,1052,2021-10-22,Enterprise,150,0,15000
833,2474,2022-07-27,Enterprise,150,0,15000
1197,3343,2022-12-21,Enterprise,150,0,15000
1176,3251,2022-12-01,Enterprise,150,0,15000
1710,3204,2023-11-23,Enterprise,150,1,15000
1149,3204,2022-11-23,Enterprise,150,0,15000
1237,1361,2023-01-04,Enterprise,150,1,15000
388,1326,2022-01-06,Enterprise,150,0,15000
510,256,2022-03-12,Enterprise,150,1,15000
149,569,2021-06-04,Enterprise,150,0,15000
847,797,2022-07-30,Enterprise,150,1,15000
1266,1487,2023-01-25,Enterprise,150,1,15000
1438,2132,2023-06-08,Enterprise,150,1,15000
200,797,2021-07-30,Enterprise,150,0,15000
1348,1728,2023-04-04,Enterprise,150,1,15000
549,1728,2022-04-04,Enterprise,150,0,15000
1040,1052,2022-10-22,Enterprise,150,1,15000
279,1063,2021-10-26,Enterprise,150,0,15000
417,1487,2022-01-25,Enterprise,150,0,15000
371,1361,2022-01-04,Enterprise,150,0,15000
1222,3392,2022-12-30,Enterprise,150,0,15000
1251,1326,2023-01-06,Enterprise,150,1,15000
1385,1972,2023-04-27,Enterprise,150,1,15000
70,256,2021-03-12,Enterprise,150,0,15000
1379,1900,2023-04-25,Enterprise,150,1,15000
710,2132,2022-06-08,Enterprise,150,0,15000
300,1112,2021-11-02,Enterprise,150,0,15000
1738,3329,2023-12-20,Enterprise,150,1,15000
416,1478,2022-01-25,Enterprise,150,0,15000
1725,3251,2023-12-01,Enterprise,150,1,15000
615,1972,2022-04-27,Enterprise,150,0,15000
773,2298,2022-07-06,Enterprise,150,0,15000
704,569,2022-06-04,Enterprise,150,1,15000
1263,1478,2023-01-25,Enterprise,150,1,15000
1475,2298,2023-07-06,Enterprise,150,1,15000
1517,2474,2023-07-27,Enterprise,150,1,15000
1020,2887,2022-10-12,Enterprise,150,0,15000
1424,2082,2023-05-31,Enterprise,150,1,15000
84,338,2021-04-02,Enterprise,150,0,15000
684,2082,2022-05-31,Enterprise,150,0,15000
1049,1063,2022-10-26,Enterprise,150,1,15000
1740,3343,2023-12-21,Enterprise,150,1,15000
1105,1112,2022-11-02,Enterprise,150,1,15000
1196,3329,2022-12-20,Enterprise,150,0,15000
1753,3392,2023-12-30,Enterprise,150,1,15000
602,1900,2022-04-25,Enterprise,150,0,15000
544,338,2022-04-02,Enterprise,150,1,15000
1625,2887,2023-10-12,Enterprise,150,1,15000
440,1558,2022-02-01,Enterprise,150,0,15000
281,1101,2021-10-26,Enterprise,150,0,15000
1051,1101,2022-10-26,Enterprise,150,1,15000
1571,2613,2023-09-05,Enterprise,425,1,15000
570,1814,2022-04-06,Enterprise,425,0,15000
1061,2994,2022-10-27,Enterprise,425,0,15000
1315,1654,2023-03-03,Enterprise,425,1,15000
232,869,2021-09-02,Enterprise,425,0,15000
1414,2034,2023-05-20,Enterprise,425,1,15000
445,1496,2022-02-02,Enterprise,425,0,15000
861,2410,2022-08-02,Enterprise,425,0,15000
932,2613,2022-09-05,Enterprise,425,0,15000
651,459,2022-05-06,Enterprise,425,1,15000
499,1654,2022-03-03,Enterprise,425,0,15000
758,2193,2022-07-04,Enterprise,425,0,15000
1534,2410,2023-08-02,Enterprise,425,1,15000
832,2412,2022-07-27,Enterprise,425,0,15000
122,459,2021-05-06,Enterprise,425,0,15000
1355,1814,2023-04-06,Enterprise,425,1,15000
1463,2193,2023-07-04,Enterprise,425,1,15000
1141,3185,2022-11-18,Enterprise,425,0,15000
1440,2146,2023-06-13,Enterprise,425,1,15000
786,2265,2022-07-08,Enterprise,425,0,15000
665,2034,2022-05-20,Enterprise,425,0,15000
1513,2465,2023-07-26,Enterprise,425,1,15000
922,869,2022-09-02,Enterprise,425,1,15000
962,2786,2022-09-29,Enterprise,425,0,15000
1587,2786,2023-09-29,Enterprise,425,1,15000
1518,2412,2023-07-27,Enterprise,425,1,15000
1653,2994,2023-10-27,Enterprise,425,1,15000
824,2465,2022-07-26,Enterprise,425,0,15000
1210,1352,2022-12-27,Enterprise,425,1,15000
712,2146,2022-06-13,Enterprise,425,0,15000
707,2101,2022-06-07,Enterprise,425,0,15000
1183,3245,2022-12-05,Enterprise,425,0,15000
1412,1997,2023-05-10,Enterprise,425,1,15000
1284,1496,2023-02-02,Enterprise,425,1,15000
1730,3245,2023-12-05,Enterprise,425,1,15000
1703,3185,2023-11-18,Enterprise,425,1,15000
1436,2101,2023-06-07,Enterprise,425,1,15000
338,1352,2021-12-27,Enterprise,425,0,15000
657,1997,2022-05-10,Enterprise,425,0,15000
934,2660,2022-09-06,Enterprise,175,0,15000
893,2580,2022-08-23,Enterprise,175,0,15000
1330,1710,2023-04-01,Enterprise,175,1,15000
642,1957,2022-05-04,Enterprise,175,0,15000
271,1039,2021-10-13,Enterprise,175,0,15000
40,92,2021-02-03,Enterprise,175,0,15000
1268,1441,2023-01-26,Enterprise,175,1,15000
1748,3340,2023-12-27,Enterprise,175,1,15000
446,92,2022-02-03,Enterprise,175,1,15000
1405,1957,2023-05-04,Enterprise,175,1,15000
655,472,2022-05-10,Enterprise,175,1,15000
1116,3123,2022-11-03,Enterprise,175,0,15000
1714,3200,2023-11-25,Enterprise,175,1,15000
418,1441,2022-01-26,Enterprise,175,0,15000
940,2625,2022-09-08,Enterprise,175,0,15000
1736,3320,2023-12-16,Enterprise,175,1,15000
1214,3340,2022-12-27,Enterprise,175,0,15000
1691,3123,2023-11-03,Enterprise,175,1,15000
125,472,2021-05-10,Enterprise,175,0,15000
539,1710,2022-04-01,Enterprise,175,0,15000
1573,2660,2023-09-06,Enterprise,175,1,15000
1156,3200,2022-11-25,Enterprise,175,0,15000
1193,3320,2022-12-16,Enterprise,175,0,15000
53,201,2021-02-23,Enterprise,175,0,15000
1578,2625,2023-09-08,Enterprise,175,1,15000
471,201,2022-02-23,Enterprise,175,1,15000
1022,1039,2022-10-13,Enterprise,175,1,15000
1545,2580,2023-08-23,Enterprise,175,1,15000
1153,3193,2022-11-24,Enterprise,450,0,15000
1152,3203,2022-11-24,Enterprise,450,0,15000
949,933,2022-09-22,Enterprise,450,1,15000
1421,2057,2023-05-30,Enterprise,450,1,15000
61,204,2021-03-03,Enterprise,450,0,15000
72,289,2021-03-23,Enterprise,450,0,15000
515,289,2022-03-23,Enterprise,450,1,15000
199,749,2021-07-30,Enterprise,450,0,15000
239,914,2021-09-09,Enterprise,450,0,15000
496,204,2022-03-03,Enterprise,450,1,15000
244,933,2021-09-22,Enterprise,450,0,15000
679,2057,2022-05-30,Enterprise,450,0,15000
846,749,2022-07-30,Enterprise,450,1,15000
944,914,2022-09-09,Enterprise,450,1,15000
468,1608,2022-02-17,Enterprise,450,0,15000
1712,3193,2023-11-24,Enterprise,450,1,15000
1296,1608,2023-02-17,Enterprise,450,1,15000
1713,3203,2023-11-24,Enterprise,450,1,15000
143,512,2021-06-01,Enterprise,200,0,15000
521,1698,2022-03-25,Enterprise,200,0,15000
234,875,2021-09-02,Enterprise,200,0,15000
762,646,2022-07-05,Enterprise,200,1,15000
1158,3241,2022-11-28,Enterprise,200,0,15000
1658,2959,2023-10-28,Enterprise,200,1,15000
453,146,2022-02-04,Enterprise,200,1,15000
1136,3168,2022-11-10,Enterprise,200,0,15000
1172,3217,2022-12-01,Enterprise,200,0,15000
687,512,2022-06-01,Enterprise,200,1,15000
1169,3224,2022-11-30,Enterprise,200,0,15000
543,329,2022-04-02,Enterprise,200,1,15000
1727,3217,2023-12-01,Enterprise,200,1,15000
1069,2959,2022-10-28,Enterprise,200,0,15000
144,550,2021-06-01,Enterprise,200,0,15000
1702,3168,2023-11-10,Enterprise,200,1,15000
1065,2985,2022-10-27,Enterprise,200,0,15000
921,875,2022-09-02,Enterprise,200,1,15000
1325,1698,2023-03-25,Enterprise,200,1,15000
86,329,2021-04-02,Enterprise,200,0,15000
1717,3241,2023-11-28,Enterprise,200,1,15000
686,550,2022-06-01,Enterprise,200,1,15000
1723,3224,2023-11-30,Enterprise,200,1,15000
41,146,2021-02-04,Enterprise,200,0,15000
1652,2985,2023-10-27,Enterprise,200,1,15000
1304,1625,2023-02-28,Enterprise,475,1,15000
282,1096,2021-10-26,Enterprise,475,0,15000
1425,2125,2023-06-01,Enterprise,475,1,15000
409,1414,2022-01-21,Enterprise,475,0,15000
509,1673,2022-03-11,Enterprise,475,0,15000
482,1625,2022-02-28,Enterprise,475,0,15000
245,941,2021-09-23,Enterprise,475,0,15000
1338,1727,2023-04-01,Enterprise,475,1,15000
1261,1414,2023-01-21,Enterprise,475,1,15000
1321,1673,2023-03-11,Enterprise,475,1,15000
182,685,2021-07-14,Enterprise,475,0,15000
796,685,2022-07-14,Enterprise,475,1,15000
950,941,2022-09-23,Enterprise,475,1,15000
688,2125,2022-06-01,Enterprise,475,0,15000
536,1727,2022-04-01,Enterprise,475,0,15000
177,691,2021-07-06,Enterprise,225,0,15000
1403,2010,2023-05-04,Enterprise,225,1,15000
330,1230,2021-12-08,Enterprise,225,0,15000
1672,2953,2023-10-31,Enterprise,225,1,15000
770,691,2022-07-06,Enterprise,225,1,15000
474,1619,2022-02-23,Enterprise,225,0,15000
1300,1619,2023-02-23,Enterprise,225,1,15000
785,2363,2022-07-08,Enterprise,225,0,15000
1489,2363,2023-07-08,Enterprise,225,1,15000
179,698,2021-07-07,Enterprise,225,0,15000
697,529,2022-06-02,Enterprise,225,1,15000
776,698,2022-07-07,Enterprise,225,1,15000
646,2010,2022-05-04,Enterprise,225,0,15000
146,529,2021-06-02,Enterprise,225,0,15000
155,610,2021-06-21,Enterprise,225,0,15000
913,2606,2022-09-01,Enterprise,225,0,15000
1560,2606,2023-09-01,Enterprise,225,1,15000
1187,1230,2022-12-08,Enterprise,225,1,15000
715,610,2022-06-21,Enterprise,225,1,15000
1091,2953,2022-10-31,Enterprise,225,0,15000
1057,2956,2022-10-26,Enterprise,500,0,15000
1079,1084,2022-10-29,Enterprise,500,1,15000
1612,2719,2023-10-05,Enterprise,500,1,15000
858,805,2022-08-02,Enterprise,500,1,15000
1343,1806,2023-04-04,Enterprise,500,1,15000
1575,2635,2023-09-07,Enterprise,500,1,15000
1362,1755,2023-04-08,Enterprise,500,1,15000
97,351,2021-04-08,Enterprise,500,0,15000
467,1594,2022-02-15,Enterprise,500,0,15000
460,1547,2022-02-07,Enterprise,500,0,15000
1295,1594,2023-02-15,Enterprise,500,1,15000
579,351,2022-04-08,Enterprise,500,1,15000
1637,2917,2023-10-21,Enterprise,500,1,15000
73,273,2021-03-24,Enterprise,500,0,15000
204,805,2021-08-02,Enterprise,500,0,15000
518,273,2022-03-24,Enterprise,500,1,15000
1036,2917,2022-10-21,Enterprise,500,0,15000
998,2719,2022-10-05,Enterprise,500,0,15000
221,847,2021-08-23,Enterprise,500,0,15000
647,1989,2022-05-05,Enterprise,500,0,15000
1409,1989,2023-05-05,Enterprise,500,1,15000
1649,2956,2023-10-26,Enterprise,500,1,15000
938,2635,2022-09-07,Enterprise,500,0,15000
546,1806,2022-04-04,Enterprise,500,0,15000
581,1755,2022-04-08,Enterprise,500,0,15000
589,375,2022-04-15,Enterprise,500,1,15000
100,375,2021-04-15,Enterprise,500,0,15000
891,847,2022-08-23,Enterprise,500,1,15000
1291,1547,2023-02-07,Enterprise,500,1,15000
721,2166,2022-06-23,Enterprise,250,0,15000
1254,1411,2023-01-12,Enterprise,250,1,15000
1568,2610,2023-09-02,Enterprise,250,1,15000
1582,2716,2023-09-23,Enterprise,250,1,15000
1054,3045,2022-10-26,Enterprise,250,0,15000
1566,2612,2023-09-02,Enterprise,250,1,15000
1242,1351,2023-01-05,Enterprise,250,1,15000
852,2453,2022-08-01,Enterprise,250,0,15000
297,1151,2021-11-01,Enterprise,250,0,15000
996,2791,2022-10-05,Enterprise,250,0,15000
1530,2453,2023-08-01,Enterprise,250,1,15000
1645,3045,2023-10-26,Enterprise,250,1,15000
274,1065,2021-10-18,Enterprise,250,0,15000
389,27,2022-01-07,Enterprise,250,1,15000
1026,1065,2022-10-18,Enterprise,250,1,15000
378,1351,2022-01-05,Enterprise,250,0,15000
1711,3188,2023-11-24,Enterprise,250,1,15000
1098,1151,2022-11-01,Enterprise,250,1,15000
344,1281,2021-12-31,Enterprise,250,0,15000
1316,1674,2023-03-03,Enterprise,250,1,15000
928,2612,2022-09-02,Enterprise,250,0,15000
1170,1209,2022-12-01,Enterprise,250,1,15000
1569,2609,2023-09-02,Enterprise,250,1,15000
1224,1281,2022-12-31,Enterprise,250,1,15000
343,1302,2021-12-31,Enterprise,250,0,15000
1154,3188,2022-11-24,Enterprise,250,0,15000
925,2609,2022-09-02,Enterprise,250,0,15000
1445,2166,2023-06-23,Enterprise,250,1,15000
1603,2791,2023-10-05,Enterprise,250,1,15000
323,1209,2021-12-01,Enterprise,250,0,15000
398,1411,2022-01-12,Enterprise,250,0,15000
497,1674,2022-03-03,Enterprise,250,0,15000
927,2610,2022-09-02,Enterprise,250,0,15000
952,2716,2022-09-23,Enterprise,250,0,15000
25,75,2021-01-14,Business,5,0,25000
401,75,2022-01-14,Business,5,1,25000
1746,3366,2023-12-22,Business,5,1,25000
654,494,2022-05-07,Business,5,1,25000
754,676,2022-07-02,Business,5,1,25000
1207,1288,2022-12-24,Business,5,1,25000
1623,2895,2023-10-11,Business,5,1,25000
1465,2316,2023-07-04,Business,5,1,25000
181,701,2021-07-13,Business,5,0,25000
1180,1267,2022-12-03,Business,5,1,25000
243,959,2021-09-20,Business,5,0,25000
759,2316,2022-07-04,Business,5,0,25000
1073,2954,2022-10-28,Business,5,0,25000
948,959,2022-09-20,Business,5,1,25000
793,701,2022-07-13,Business,5,1,25000
173,676,2021-07-02,Business,5,0,25000
1017,2895,2022-10-11,Business,5,0,25000
1203,3366,2022-12-22,Business,5,0,25000
631,437,2022-05-03,Business,5,1,25000
287,1127,2021-10-29,Business,5,0,25000
662,2044,2022-05-16,Business,5,0,25000
1145,3222,2022-11-22,Business,5,0,25000
188,762,2021-07-26,Business,5,0,25000
337,1288,2021-12-24,Business,5,0,25000
614,1977,2022-04-27,Business,5,0,25000
119,437,2021-05-03,Business,5,0,25000
1189,3315,2022-12-08,Business,5,0,25000
1413,2044,2023-05-16,Business,5,1,25000
1707,3222,2023-11-22,Business,5,1,25000
124,494,2021-05-07,Business,5,0,25000
1416,2062,2023-05-20,Business,5,1,25000
666,2062,2022-05-20,Business,5,0,25000
1387,1977,2023-04-27,Business,5,1,25000
919,899,2022-09-02,Business,5,1,25000
668,2083,2022-05-23,Business,5,0,25000
1732,3315,2023-12-08,Business,5,1,25000
231,899,2021-09-02,Business,5,0,25000
298,1124,2021-11-02,Business,5,0,25000
1298,1656,2023-02-23,Business,5,1,25000
475,1656,2022-02-23,Business,5,0,25000
822,762,2022-07-26,Business,5,1,25000
1103,1124,2022-11-02,Business,5,1,25000
1417,2083,2023-05-23,Business,5,1,25000
1666,2954,2023-10-28,Business,5,1,25000
326,1267,2021-12-03,Business,5,0,25000
1080,1127,2022-10-29,Business,5,1,25000
583,1878,2022-04-12,Business,10,0,25000
1431,2138,2023-06-01,Business,10,1,25000
1162,3278,2022-11-29,Business,10,0,25000
164,652,2021-06-30,Business,10,0,25000
454,169,2022-02-04,Business,10,1,25000
582,378,2022-04-09,Business,10,1,25000
855,826,2022-08-02,Business,10,1,25000
306,1162,2021-11-05,Business,10,0,25000
485,1652,2022-02-28,Business,10,0,25000
904,907,2022-08-31,Business,10,1,25000
1324,1773,2023-03-25,Business,10,1,25000
51,185,2021-02-10,Business,10,0,25000
522,1773,2022-03-25,Business,10,0,25000
1209,3375,2022-12-26,Business,10,0,25000
42,169,2021-02-04,Business,10,0,25000
947,926,2022-09-16,Business,10,1,25000
1127,1162,2022-11-05,Business,10,1,25000
158,633,2021-06-23,Business,10,0,25000
205,826,2021-08-02,Business,10,0,25000
864,811,2022-08-03,Business,10,1,25000
162,639,2021-06-29,Business,10,0,25000
1747,3375,2023-12-26,Business,10,1,25000
1093,3067,2022-10-31,Business,10,0,25000
689,2138,2022-06-01,Business,10,0,25000
729,639,2022-06-29,Business,10,1,25000
262,1041,2021-10-04,Business,10,0,25000
1171,1229,2022-12-01,Business,10,1,25000
1678,3153,2023-10-31,Business,10,1,25000
32,166,2021-01-28,Business,10,0,25000
1306,1652,2023-02-28,Business,10,1,25000
1374,1889,2023-04-22,Business,10,1,25000
242,926,2021-09-16,Business,10,0,25000
981,1041,2022-10-04,Business,10,1,25000
887,2600,2022-08-22,Business,10,0,25000
1363,1878,2023-04-12,Business,10,1,25000
436,170,2022-02-01,Business,10,1,25000
466,185,2022-02-10,Business,10,1,25000
78,314,2021-03-29,Business,10,0,25000
228,907,2021-08-31,Business,10,0,25000
322,1229,2021-12-01,Business,10,0,25000
1677,3067,2023-10-31,Business,10,1,25000
10,19,2021-01-04,Business,10,0,25000
99,378,2021-04-09,Business,10,0,25000
598,1889,2022-04-22,Business,10,0,25000
34,170,2021-02-01,Business,10,0,25000
719,633,2022-06-23,Business,10,1,25000
1719,3278,2023-11-29,Business,10,1,25000
207,811,2021-08-03,Business,10,0,25000
525,314,2022-03-29,Business,10,1,25000
733,652,2022-06-30,Business,10,1,25000
425,166,2022-01-28,Business,10,1,25000
1092,3153,2022-10-31,Business,10,0,25000
116,458,2021-05-03,Business,10,0,25000
634,458,2022-05-03,Business,10,1,25000
1544,2600,2023-08-22,Business,10,1,25000
366,19,2022-01-04,Business,10,1,25000
1394,1996,2023-05-02,Business,15,1,25000
159,668,2021-06-28,Business,15,0,25000
517,308,2022-03-24,Business,15,1,25000
1627,2924,2023-10-14,Business,15,1,25000
1674,3134,2023-10-31,Business,15,1,25000
1094,3134,2022-10-31,Business,15,0,25000
897,2666,2022-08-26,Business,15,0,25000
777,2358,2022-07-07,Business,15,0,25000
736,630,2022-07-01,Business,15,1,25000
1347,1813,2023-04-04,Business,15,1,25000
283,1115,2021-10-27,Business,15,0,25000
630,1996,2022-05-02,Business,15,0,25000
170,630,2021-07-01,Business,15,0,25000
1570,2679,2023-09-02,Business,15,1,25000
75,308,2021-03-24,Business,15,0,25000
726,668,2022-06-28,Business,15,1,25000
823,2447,2022-07-26,Business,15,0,25000
923,2679,2022-09-02,Business,15,0,25000
532,1816,2022-04-01,Business,15,0,25000
1063,3025,2022-10-27,Business,15,0,25000
552,1813,2022-04-04,Business,15,0,25000
593,379,2022-04-21,Business,15,1,25000
103,379,2021-04-21,Business,15,0,25000
1331,1816,2023-04-01,Business,15,1,25000
79,323,2021-03-31,Business,15,0,25000
720,2162,2022-06-23,Business,15,0,25000
1160,3300,2022-11-28,Business,15,0,25000
115,416,2021-04-30,Business,15,0,25000
1715,3300,2023-11-28,Business,15,1,25000
1514,2447,2023-07-26,Business,15,1,25000
529,323,2022-03-31,Business,15,1,25000
1657,3025,2023-10-27,Business,15,1,25000
627,416,2022-04-30,Business,15,1,25000
1060,1115,2022-10-27,Business,15,1,25000
394,1366,2022-01-07,Business,15,0,25000
1444,2162,2023-06-23,Business,15,1,25000
1023,2924,2022-10-14,Business,15,0,25000
1253,1366,2023-01-07,Business,15,1,25000
1482,2358,2023-07-07,Business,15,1,25000
1340,1823,2023-04-04,Business,20,1,25000
961,982,2022-09-29,Business,20,1,25000
484,1666,2022-02-28,Business,20,0,25000
591,395,2022-04-19,Business,20,1,25000
1448,2239,2023-06-27,Business,20,1,25000
478,228,2022-02-25,Business,20,1,25000
628,2007,2022-05-02,Business,20,0,25000
826,2481,2022-07-26,Business,20,0,25000
1122,3108,2022-11-03,Business,20,0,25000
251,982,2021-09-29,Business,20,0,25000
487,250,2022-03-01,Business,20,1,25000
439,1570,2022-02-01,Business,20,0,25000
880,839,2022-08-17,Business,20,1,25000
924,2673,2022-09-02,Business,20,0,25000
1204,3351,2022-12-22,Business,20,0,25000
91,355,2021-04-06,Business,20,0,25000
1368,1892,2023-04-14,Business,20,1,25000
1598,2743,2023-10-04,Business,20,1,25000
1562,2664,2023-09-01,Business,20,1,25000
1567,2673,2023-09-02,Business,20,1,25000
1690,3108,2023-11-03,Business,20,1,25000
545,350,2022-04-02,Business,20,1,25000
212,822,2021-08-06,Business,20,0,25000
569,355,2022-04-06,Business,20,1,25000
1213,3393,2022-12-27,Business,20,0,25000
587,1892,2022-04-14,Business,20,0,25000
289,1142,2021-10-29,Business,20,0,25000
1396,2007,2023-05-02,Business,20,1,25000
1307,1666,2023-02-28,Business,20,1,25000
1365,1860,2023-04-14,Business,20,1,25000
85,350,2021-04-02,Business,20,0,25000
58,250,2021-03-01,Business,20,0,25000
128,488,2021-05-12,Business,20,0,25000
659,488,2022-05-12,Business,20,1,25000
674,2117,2022-05-27,Business,20,0,25000
1276,1515,2023-01-31,Business,20,1,25000
538,1808,2022-04-01,Business,20,0,25000
580,1862,2022-04-08,Business,20,0,25000
1305,1643,2023-02-28,Business,20,1,25000
127,490,2021-05-11,Business,20,0,25000
1515,2473,2023-07-26,Business,20,1,25000
215,839,2021-08-17,Business,20,0,25000
1282,1570,2023-02-01,Business,20,1,25000
1742,3351,2023-12-22,Business,20,1,25000
101,395,2021-04-19,Business,20,0,25000
871,822,2022-08-06,Business,20,1,25000
825,2473,2022-07-26,Business,20,0,25000
109,433,2021-04-28,Business,20,0,25000
916,2664,2022-09-01,Business,20,0,25000
1750,3393,2023-12-27,Business,20,1,25000
56,228,2021-02-25,Business,20,0,25000
724,2239,2022-06-27,Business,20,0,25000
1082,1142,2022-10-29,Business,20,1,25000
1332,1808,2023-04-01,Business,20,1,25000
989,2743,2022-10-04,Business,20,0,25000
1512,2481,2023-07-26,Business,20,1,25000
481,1643,2022-02-28,Business,20,0,25000
1361,1862,2023-04-08,Business,20,1,25000
1419,2117,2023-05-27,Business,20,1,25000
586,1860,2022-04-14,Business,20,0,25000
550,1823,2022-04-04,Business,20,0,25000
658,490,2022-05-11,Business,20,1,25000
429,1515,2022-01-31,Business,20,0,25000
68,272,2021-03-11,Business,25,0,25000
503,1679,2022-03-04,Business,25,0,25000
7,24,2021-01-04,Business,25,0,25000
527,1791,2022-03-29,Business,25,0,25000
648,2000,2022-05-05,Business,25,0,25000
1279,1543,2023-01-31,Business,25,1,25000
1478,2285,2023-07-07,Business,25,1,25000
683,533,2022-05-31,Business,25,1,25000
1547,2585,2023-08-24,Business,25,1,25000
723,2204,2022-06-27,Business,25,0,25000
304,1161,2021-11-03,Business,25,0,25000
1660,3085,2023-10-28,Business,25,1,25000
1408,2000,2023-05-05,Business,25,1,25000
348,36,2022-01-01,Business,25,1,25000
894,2585,2022-08-24,Business,25,0,25000
625,1994,2022-04-29,Business,25,0,25000
1174,3256,2022-12-01,Business,25,0,25000
1536,2521,2023-08-03,Business,25,1,25000
2,36,2021-01-01,Business,25,0,25000
1114,1152,2022-11-03,Business,25,1,25000
1393,1994,2023-04-29,Business,25,1,25000
156,617,2021-06-22,Business,25,0,25000
187,751,2021-07-26,Business,25,0,25000
139,533,2021-05-31,Business,25,0,25000
1115,1161,2022-11-03,Business,25,1,25000
1616,2871,2023-10-06,Business,25,1,25000
336,1304,2021-12-24,Business,25,0,25000
461,186,2022-02-08,Business,25,1,25000
1320,1679,2023-03-04,Business,25,1,25000
1446,2204,2023-06-27,Business,25,1,25000
781,2285,2022-07-07,Business,25,0,25000
328,1261,2021-12-06,Business,25,0,25000
717,617,2022-06-22,Business,25,1,25000
1184,1261,2022-12-06,Business,25,1,25000
390,63,2022-01-07,Business,25,1,25000
821,751,2022-07-26,Business,25,1,25000
1032,2929,2022-10-19,Business,25,0,25000
508,272,2022-03-11,Business,25,1,25000
1726,3256,2023-12-01,Business,25,1,25000
1077,1120,2022-10-29,Business,25,1,25000
434,1543,2022-01-31,Business,25,0,25000
866,2521,2022-08-03,Business,25,0,25000
1208,1304,2022-12-24,Business,25,1,25000
1256,1444,2023-01-13,Business,25,1,25000
1009,2871,2022-10-06,Business,25,0,25000
290,1146,2021-10-29,Business,25,0,25000
293,1120,2021-10-29,Business,25,0,25000
1083,1146,2022-10-29,Business,25,1,25000
1634,2929,2023-10-19,Business,25,1,25000
1068,3085,2022-10-28,Business,25,0,25000
50,186,2021-02-08,Business,25,0,25000
1327,1791,2023-03-29,Business,25,1,25000
399,1444,2022-01-13,Business,25,0,25000
302,1152,2021-11-03,Business,25,0,25000
365,24,2022-01-04,Business,25,1,25000
21,63,2021-01-07,Business,25,0,25000
1552,2626,2023-08-30,Business,30,1,25000
272,1049,2021-10-14,Business,30,0,25000
606,1890,2022-04-25,Business,30,0,25000
136,531,2021-05-26,Business,30,0,25000
218,860,2021-08-20,Business,30,0,25000
667,498,2022-05-21,Business,30,1,25000
280,1100,2021-10-26,Business,30,0,25000
107,426,2021-04-27,Business,30,0,25000
1461,2254,2023-07-01,Business,30,1,25000
459,188,2022-02-05,Business,30,1,25000
1595,2812,2023-10-03,Business,30,1,25000
248,1005,2021-09-27,Business,30,0,25000
703,559,2022-06-04,Business,30,1,25000
151,559,2021-06-04,Business,30,0,25000
611,426,2022-04-27,Business,30,1,25000
805,2440,2022-07-20,Business,30,0,25000
1494,2424,2023-07-18,Business,30,1,25000
1509,2462,2023-07-25,Business,30,1,25000
797,2424,2022-07-18,Business,30,0,25000
132,498,2021-05-21,Business,30,0,25000
1499,2440,2023-07-20,Business,30,1,25000
982,1024,2022-10-04,Business,30,1,25000
430,1561,2022-01-31,Business,30,0,25000
77,301,2021-03-26,Business,30,0,25000
673,531,2022-05-26,Business,30,1,25000
1378,1890,2023-04-25,Business,30,1,25000
1117,3167,2022-11-03,Business,30,0,25000
775,700,2022-07-07,Business,30,1,25000
1455,2234,2023-07-01,Business,30,1,25000
263,1024,2021-10-04,Business,30,0,25000
214,828,2021-08-13,Business,30,0,25000
772,2332,2022-07-06,Business,30,0,25000
347,1375,2021-12-31,Business,30,0,25000
742,2234,2022-07-01,Business,30,0,25000
352,21,2022-01-01,Business,30,1,25000
1050,1100,2022-10-26,Business,30,1,25000
743,2254,2022-07-01,Business,30,0,25000
523,301,2022-03-26,Business,30,1,25000
902,2626,2022-08-30,Business,30,0,25000
883,860,2022-08-20,Business,30,1,25000
1226,1375,2022-12-31,Business,30,1,25000
178,700,2021-07-07,Business,30,0,25000
1,21,2021-01-01,Business,30,0,25000
1685,3075,2023-11-02,Business,30,1,25000
1698,3182,2023-11-08,Business,30,1,25000
877,828,2022-08-13,Business,30,1,25000
1477,2332,2023-07-06,Business,30,1,25000
1281,1561,2023-01-31,Business,30,1,25000
46,188,2021-02-05,Business,30,0,25000
1694,3167,2023-11-03,Business,30,1,25000
1107,3075,2022-11-02,Business,30,0,25000
1131,3182,2022-11-08,Business,30,0,25000
955,1005,2022-09-27,Business,30,1,25000
817,2462,2022-07-25,Business,30,0,25000
974,2812,2022-10-03,Business,30,0,25000
131,505,2021-05-20,Business,35,0,25000
737,653,2022-07-01,Business,35,1,25000
419,96,2022-01-27,Business,35,1,25000
693,2134,2022-06-01,Business,35,0,25000
935,916,2022-09-07,Business,35,1,25000
1215,3386,2022-12-28,Business,35,0,25000
451,165,2022-02-04,Business,35,1,25000
1447,2227,2023-06-27,Business,35,1,25000
765,2230,2022-07-05,Business,35,0,25000
1548,2569,2023-08-25,Business,35,1,25000
168,653,2021-07-01,Business,35,0,25000
1037,2993,2022-10-21,Business,35,0,25000
29,86,2021-01-22,Business,35,0,25000
945,930,2022-09-09,Business,35,1,25000
1318,1669,2023-03-04,Business,35,1,25000
1673,3118,2023-10-31,Business,35,1,25000
727,641,2022-06-28,Business,35,1,25000
30,96,2021-01-27,Business,35,0,25000
1106,3124,2022-11-02,Business,35,0,25000
1638,2993,2023-10-21,Business,35,1,25000
564,1837,2022-04-05,Business,35,0,25000
1167,3228,2022-11-30,Business,35,0,25000
868,817,2022-08-04,Business,35,1,25000
899,2661,2022-08-29,Business,35,0,25000
815,2514,2022-07-22,Business,35,0,25000
462,184,2022-02-08,Business,35,1,25000
253,965,2021-09-30,Business,35,0,25000
1398,2023,2023-05-03,Business,35,1,25000
235,912,2021-09-03,Business,35,0,25000
1375,1899,2023-04-22,Business,35,1,25000
1469,2230,2023-07-05,Business,35,1,25000
1559,2641,2023-08-31,Business,35,1,25000
237,916,2021-09-07,Business,35,0,25000
1313,1663,2023-03-02,Business,35,1,25000
519,288,2022-03-25,Business,35,1,25000
1085,3118,2022-10-31,Business,35,0,25000
49,184,2021-02-08,Business,35,0,25000
929,912,2022-09-03,Business,35,1,25000
299,1165,2021-11-02,Business,35,0,25000
965,965,2022-09-30,Business,35,1,25000
1241,1409,2023-01-04,Business,35,1,25000
1551,2661,2023-08-29,Business,35,1,25000
1104,1165,2022-11-02,Business,35,1,25000
372,1409,2022-01-04,Business,35,0,25000
44,165,2021-02-04,Business,35,0,25000
1667,3122,2023-10-31,Business,35,1,25000
160,641,2021-06-28,Business,35,0,25000
295,1143,2021-11-01,Business,35,0,25000
88,377,2021-04-05,Business,35,0,25000
1506,2514,2023-07-22,Business,35,1,25000
1721,3228,2023-11-30,Business,35,1,25000
663,505,2022-05-20,Business,35,1,25000
896,2569,2022-08-25,Business,35,0,25000
1086,3122,2022-10-31,Business,35,0,25000
209,817,2021-08-04,Business,35,0,25000
1429,2134,2023-06-01,Business,35,1,25000
1682,3124,2023-11-02,Business,35,1,25000
240,930,2021-09-09,Business,35,0,25000
500,1669,2022-03-04,Business,35,0,25000
597,1899,2022-04-22,Business,35,0,25000
722,2227,2022-06-27,Business,35,0,25000
1610,2859,2023-10-05,Business,35,1,25000
76,288,2021-03-25,Business,35,0,25000
494,1663,2022-03-02,Business,35,0,25000
635,2023,2022-05-03,Business,35,0,25000
1097,1143,2022-11-01,Business,35,1,25000
410,86,2022-01-22,Business,35,1,25000
1004,2859,2022-10-05,Business,35,0,25000
557,377,2022-04-05,Business,35,1,25000
1751,3386,2023-12-28,Business,35,1,25000
908,2641,2022-08-31,Business,35,0,25000
856,803,2022-08-02,Business,40,1,25000
1168,3293,2022-11-30,Business,40,0,25000
1274,1516,2023-01-28,Business,40,1,25000
166,684,2021-07-01,Business,40,0,25000
676,513,2022-05-28,Business,40,1,25000
203,803,2021-08-02,Business,40,0,25000
1651,3056,2023-10-26,Business,40,1,25000
769,2288,2022-07-05,Business,40,0,25000
1056,3056,2022-10-26,Business,40,0,25000
426,1516,2022-01-28,Business,40,0,25000
1166,3243,2022-11-30,Business,40,0,25000
1442,2192,2023-06-20,Business,40,1,25000
1720,3293,2023-11-30,Business,40,1,25000
1722,3243,2023-11-30,Business,40,1,25000
447,123,2022-02-03,Business,40,1,25000
700,556,2022-06-03,Business,40,1,25000
1474,2342,2023-07-06,Business,40,1,25000
1472,2288,2023-07-05,Business,40,1,25000
1646,3115,2023-10-26,Business,40,1,25000
74,295,2021-03-24,Business,40,0,25000
412,1482,2022-01-25,Business,40,0,25000
714,2192,2022-06-20,Business,40,0,25000
405,128,2022-01-20,Business,40,1,25000
38,123,2021-02-03,Business,40,0,25000
138,513,2021-05-28,Business,40,0,25000
1045,3064,2022-10-25,Business,40,0,25000
771,2342,2022-07-06,Business,40,0,25000
516,295,2022-03-24,Business,40,1,25000
1058,3115,2022-10-26,Business,40,0,25000
1642,3064,2023-10-25,Business,40,1,25000
1532,2507,2023-08-02,Business,40,1,25000
863,2507,2022-08-02,Business,40,0,25000
27,128,2021-01-20,Business,40,0,25000
735,684,2022-07-01,Business,40,1,25000
148,556,2021-06-03,Business,40,0,25000
422,1486,2022-01-27,Business,45,0,25000
431,1541,2022-01-31,Business,45,0,25000
172,693,2021-07-02,Business,45,0,25000
873,833,2022-08-06,Business,45,1,25000
959,2764,2022-09-28,Business,45,0,25000
6,2,2021-01-01,Business,45,0,25000
827,743,2022-07-27,Business,45,1,25000
1558,2630,2023-08-31,Business,45,1,25000
1311,1664,2023-03-01,Business,45,1,25000
1428,2133,2023-06-01,Business,45,1,25000
211,833,2021-08-06,Business,45,0,25000
1216,1343,2022-12-29,Business,45,1,25000
1292,1589,2023-02-09,Business,45,1,25000
353,2,2022-01-01,Business,45,1,25000
957,2740,2022-09-27,Business,45,0,25000
1191,1274,2022-12-14,Business,45,1,25000
980,2745,2022-10-03,Business,45,0,25000
1586,2764,2023-09-28,Business,45,1,25000
1001,2858,2022-10-05,Business,45,0,25000
752,693,2022-07-02,Business,45,1,25000
382,1432,2022-01-05,Business,45,0,25000
911,2630,2022-08-31,Business,45,0,25000
942,2702,2022-09-08,Business,45,0,25000
191,743,2021-07-27,Business,45,0,25000
692,2133,2022-06-01,Business,45,0,25000
1099,1155,2022-11-01,Business,45,1,25000
1280,1550,2023-01-31,Business,45,1,25000
1504,2451,2023-07-22,Business,45,1,25000
1584,2740,2023-09-27,Business,45,1,25000
106,440,2021-04-27,Business,45,0,25000
1278,1541,2023-01-31,Business,45,1,25000
813,2451,2022-07-22,Business,45,0,25000
39,139,2021-02-03,Business,45,0,25000
1611,2858,2023-10-05,Business,45,1,25000
1579,2702,2023-09-08,Business,45,1,25000
332,1274,2021-12-14,Business,45,0,25000
1244,1432,2023-01-05,Business,45,1,25000
341,1343,2021-12-29,Business,45,0,25000
464,1589,2022-02-09,Business,45,0,25000
1709,3230,2023-11-23,Business,45,1,25000
1190,3325,2022-12-13,Business,45,0,25000
308,1157,2021-11-08,Business,45,0,25000
296,1155,2021-11-01,Business,45,0,25000
488,1664,2022-03-01,Business,45,0,25000
613,440,2022-04-27,Business,45,1,25000
1270,1486,2023-01-27,Business,45,1,25000
433,1550,2022-01-31,Business,45,0,25000
845,793,2022-07-30,Business,45,1,25000
1148,3230,2022-11-23,Business,45,0,25000
1129,1157,2022-11-08,Business,45,1,25000
197,793,2021-07-30,Business,45,0,25000
1734,3325,2023-12-13,Business,45,1,25000
314,1188,2021-11-17,Business,50,0,25000
530,337,2022-04-01,Business,50,1,25000
476,209,2022-02-24,Business,50,1,25000
939,927,2022-09-08,Business,50,1,25000
831,2486,2022-07-27,Business,50,0,25000
1308,1675,2023-02-28,Business,50,1,25000
1046,3037,2022-10-25,Business,50,0,25000
102,401,2021-04-19,Business,50,0,25000
633,446,2022-05-03,Business,50,1,25000
1655,3130,2023-10-27,Business,50,1,25000
1039,1119,2022-10-22,Business,50,1,25000
1159,3260,2022-11-28,Business,50,0,25000
1624,2915,2023-10-12,Business,50,1,25000
276,1119,2021-10-22,Business,50,0,25000
456,1597,2022-02-04,Business,50,0,25000
469,218,2022-02-22,Business,50,1,25000
1173,3268,2022-12-01,Business,50,0,25000
1239,1341,2023-01-04,Business,50,1,25000
1353,1782,2023-04-05,Business,50,1,25000
1019,2915,2022-10-12,Business,50,0,25000
592,401,2022-04-19,Business,50,1,25000
906,2692,2022-08-31,Business,50,0,25000
1574,2691,2023-09-06,Business,50,1,25000
1724,3268,2023-12-01,Business,50,1,25000
16,53,2021-01-06,Business,50,0,25000
59,231,2021-03-02,Business,50,0,25000
118,446,2021-05-03,Business,50,0,25000
725,665,2022-06-28,Business,50,1,25000
1140,1188,2022-11-17,Business,50,1,25000
814,2439,2022-07-22,Business,50,0,25000
1064,3038,2022-10-27,Business,50,0,25000
52,218,2021-02-22,Business,50,0,25000
1564,2647,2023-09-01,Business,50,1,25000
566,1782,2022-04-05,Business,50,0,25000
1096,3121,2022-10-31,Business,50,0,25000
36,140,2021-02-01,Business,50,0,25000
492,231,2022-03-02,Business,50,1,25000
983,966,2022-10-04,Business,50,1,25000
1505,2439,2023-07-22,Business,50,1,25000
81,337,2021-04-01,Business,50,0,25000
730,660,2022-06-29,Business,50,1,25000
483,1675,2022-02-28,Business,50,0,25000
370,1341,2022-01-04,Business,50,0,25000
933,2691,2022-09-06,Business,50,0,25000
1656,3038,2023-10-27,Business,50,1,25000
1290,1597,2023-02-04,Business,50,1,25000
1716,3260,2023-11-28,Business,50,1,25000
1062,3130,2022-10-27,Business,50,0,25000
643,2029,2022-05-04,Business,50,0,25000
1516,2486,2023-07-27,Business,50,1,25000
163,660,2021-06-29,Business,50,0,25000
915,2647,2022-09-01,Business,50,0,25000
1407,2029,2023-05-04,Business,50,1,25000
807,2372,2022-07-21,Business,50,0,25000
1501,2372,2023-07-21,Business,50,1,25000
198,800,2021-07-30,Business,50,0,25000
437,140,2022-02-01,Business,50,1,25000
161,665,2021-06-28,Business,50,0,25000
385,53,2022-01-06,Business,50,1,25000
1640,3037,2023-10-25,Business,50,1,25000
54,209,2021-02-24,Business,50,0,25000
238,927,2021-09-08,Business,50,0,25000
264,966,2021-10-04,Business,50,0,25000
848,800,2022-07-30,Business,50,1,25000
1554,2692,2023-08-31,Business,50,1,25000
1670,3121,2023-10-31,Business,50,1,25000
64,269,2021-03-05,Business,60,0,25000
605,1924,2022-04-25,Business,60,0,25000
1038,2961,2022-10-21,Business,60,0,25000
541,1730,2022-04-01,Business,60,0,25000
1336,1730,2023-04-01,Business,60,1,25000
505,269,2022-03-05,Business,60,1,25000
1377,1924,2023-04-25,Business,60,1,25000
1422,2126,2023-05-30,Business,70,1,25000
788,2294,2022-07-08,Business,70,0,25000
678,2126,2022-05-30,Business,70,0,25000
1130,1167,2022-11-08,Business,70,1,25000
94,340,2021-04-07,Business,70,0,25000
533,1797,2022-04-01,Business,70,0,25000
1485,2294,2023-07-08,Business,70,1,25000
767,2289,2022-07-05,Business,70,0,25000
1473,2289,2023-07-05,Business,70,1,25000
1334,1797,2023-04-01,Business,70,1,25000
1364,1864,2023-04-13,Business,70,1,25000
1071,3060,2022-10-28,Business,70,0,25000
1027,2945,2022-10-18,Business,70,0,25000
1630,2945,2023-10-18,Business,70,1,25000
1701,3199,2023-11-08,Business,70,1,25000
1132,3199,2022-11-08,Business,70,0,25000
1508,2438,2023-07-25,Business,70,1,25000
819,2438,2022-07-25,Business,70,0,25000
573,340,2022-04-07,Business,70,1,25000
1664,3060,2023-10-28,Business,70,1,25000
584,1864,2022-04-13,Business,70,0,25000
872,810,2022-08-06,Business,80,1,25000
588,1843,2022-04-14,Business,80,0,25000
599,1950,2022-04-22,Business,80,0,25000
803,2414,2022-07-20,Business,80,0,25000
732,661,2022-06-30,Business,80,1,25000
165,661,2021-06-30,Business,80,0,25000
1464,2330,2023-07-04,Business,80,1,25000
578,372,2022-04-08,Business,80,1,25000
997,2795,2022-10-05,Business,80,0,25000
1366,1843,2023-04-14,Business,80,1,25000
757,2330,2022-07-04,Business,80,0,25000
1381,1928,2023-04-26,Business,80,1,25000
98,372,2021-04-08,Business,80,0,25000
1510,2416,2023-07-25,Business,80,1,25000
1604,2795,2023-10-05,Business,80,1,25000
1373,1950,2023-04-22,Business,80,1,25000
1626,2900,2023-10-12,Business,80,1,25000
1498,2414,2023-07-20,Business,80,1,25000
1591,2794,2023-10-03,Business,80,1,25000
609,1928,2022-04-26,Business,80,0,25000
818,2416,2022-07-25,Business,80,0,25000
979,2794,2022-10-03,Business,80,0,25000
1021,2900,2022-10-12,Business,80,0,25000
210,810,2021-08-06,Business,80,0,25000
1523,2434,2023-07-29,Business,90,1,25000
1255,1450,2023-01-13,Business,90,1,25000
1496,2385,2023-07-19,Business,90,1,25000
400,1450,2022-01-13,Business,90,0,25000
1247,1324,2023-01-05,Business,90,1,25000
910,2628,2022-08-31,Business,90,0,25000
574,1855,2022-04-07,Business,90,0,25000
709,592,2022-06-08,Business,90,1,25000
153,592,2021-06-08,Business,90,0,25000
377,1324,2022-01-05,Business,90,0,25000
842,2434,2022-07-29,Business,90,0,25000
1360,1855,2023-04-07,Business,90,1,25000
1087,3102,2022-10-31,Business,90,0,25000
1676,3102,2023-10-31,Business,90,1,25000
11,31,2021-01-04,Business,90,0,25000
1557,2628,2023-08-31,Business,90,1,25000
802,2385,2022-07-19,Business,90,0,25000
364,31,2022-01-04,Business,90,1,25000
795,2365,2022-07-13,Business,100,0,25000
193,771,2021-07-29,Business,100,0,25000
1492,2365,2023-07-13,Business,100,1,25000
285,1076,2021-10-27,Business,100,0,25000
836,771,2022-07-29,Business,100,1,25000
595,1884,2022-04-21,Business,100,0,25000
562,1845,2022-04-05,Business,100,0,25000
548,1757,2022-04-04,Business,100,0,25000
1059,1076,2022-10-27,Business,100,1,25000
1349,1757,2023-04-04,Business,100,1,25000
1372,1884,2023-04-21,Business,100,1,25000
1350,1845,2023-04-05,Business,100,1,25000
594,1877,2022-04-21,Business,100,0,25000
373,6,2022-01-05,Business,100,1,25000
1483,2336,2023-07-07,Business,100,1,25000
1371,1877,2023-04-21,Business,100,1,25000
780,2336,2022-07-07,Business,100,0,25000
404,1445,2022-01-19,Business,110,0,25000
1608,2803,2023-10-05,Business,110,1,25000
843,2398,2022-07-29,Business,110,0,25000
1000,2803,2022-10-05,Business,110,0,25000
87,369,2021-04-05,Business,110,0,25000
1525,2398,2023-07-29,Business,110,1,25000
618,451,2022-04-28,Business,110,1,25000
1258,1445,2023-01-19,Business,110,1,25000
111,451,2021-04-28,Business,110,0,25000
558,369,2022-04-05,Business,110,1,25000
465,1599,2022-02-09,Business,120,0,25000
1294,1599,2023-02-09,Business,120,1,25000
1235,1371,2023-01-03,Business,120,1,25000
355,1371,2022-01-03,Business,120,0,25000
250,977,2021-09-28,Business,120,0,25000
761,2291,2022-07-04,Business,130,0,25000
1112,3140,2022-11-02,Business,130,0,25000
376,48,2022-01-05,Business,130,1,25000
994,2772,2022-10-05,Business,130,0,25000
1467,2291,2023-07-04,Business,130,1,25000
1684,3140,2023-11-02,Business,130,1,25000
13,48,2021-01-05,Business,130,0,25000
1493,2369,2023-07-18,Business,130,1,25000
1606,2772,2023-10-05,Business,130,1,25000
798,2369,2022-07-18,Business,130,0,25000
1205,3347,2022-12-22,Business,140,0,25000
794,2360,2022-07-13,Business,140,0,25000
1075,3012,2022-10-28,Business,140,0,25000
386,1390,2022-01-06,Business,140,0,25000
829,754,2022-07-27,Business,140,1,25000
1250,1390,2023-01-06,Business,140,1,25000
5,8,2021-01-01,Business,140,0,25000
1491,2360,2023-07-13,Business,140,1,25000
1659,2990,2023-10-28,Business,140,1,25000
1662,3012,2023-10-28,Business,140,1,25000
349,54,2022-01-01,Business,140,1,25000
1741,3347,2023-12-22,Business,140,1,25000
3,54,2021-01-01,Business,140,0,25000
190,754,2021-07-27,Business,140,0,25000
351,8,2022-01-01,Business,140,1,25000
1074,2990,2022-10-28,Business,140,0,25000
993,991,2022-10-05,Business,400,1,25000
745,2179,2022-07-01,Business,400,0,25000
1452,2179,2023-07-01,Business,400,1,25000
556,1764,2022-04-04,Business,400,0,25000
266,991,2021-10-05,Business,400,0,25000
1339,1764,2023-04-04,Business,400,1,25000
1013,2816,2022-10-07,Business,150,0,25000
1663,3015,2023-10-28,Business,150,1,25000
1665,3023,2023-10-28,Business,150,1,25000
985,2806,2022-10-04,Business,150,0,25000
1594,2811,2023-10-03,Business,150,1,25000
113,410,2021-04-29,Business,150,0,25000
1076,3015,2022-10-28,Business,150,0,25000
397,46,2022-01-11,Business,150,1,25000
1602,2823,2023-10-04,Business,150,1,25000
1671,2999,2023-10-31,Business,150,1,25000
576,1770,2022-04-07,Business,150,0,25000
1249,1307,2023-01-05,Business,150,1,25000
1600,2806,2023-10-04,Business,150,1,25000
747,2309,2022-07-01,Business,150,0,25000
1359,1770,2023-04-07,Business,150,1,25000
987,2823,2022-10-04,Business,150,0,25000
1236,1327,2023-01-04,Business,150,1,25000
1089,2999,2022-10-31,Business,150,0,25000
1607,2765,2023-10-05,Business,150,1,25000
1229,1340,2023-01-03,Business,150,1,25000
130,492,2021-05-14,Business,150,0,25000
1648,3073,2023-10-26,Business,150,1,25000
1002,2765,2022-10-05,Business,150,0,25000
183,715,2021-07-21,Business,150,0,25000
1048,2975,2022-10-25,Business,150,0,25000
357,1340,2022-01-03,Business,150,0,25000
977,2811,2022-10-03,Business,150,0,25000
1621,2816,2023-10-07,Business,150,1,25000
369,1327,2022-01-04,Business,150,0,25000
1358,1772,2023-04-07,Business,150,1,25000
806,715,2022-07-21,Business,150,1,25000
661,492,2022-05-14,Business,150,1,25000
1053,3073,2022-10-26,Business,150,0,25000
622,410,2022-04-29,Business,150,1,25000
1462,2309,2023-07-01,Business,150,1,25000
24,46,2021-01-11,Business,150,0,25000
756,2272,2022-07-04,Business,150,0,25000
427,1452,2022-01-28,Business,150,0,25000
1070,3023,2022-10-28,Business,150,0,25000
379,1307,2022-01-05,Business,150,0,25000
1273,1452,2023-01-28,Business,150,1,25000
577,1772,2022-04-07,Business,150,0,25000
1052,3058,2022-10-26,Business,150,0,25000
1644,2975,2023-10-25,Business,150,1,25000
1650,3058,2023-10-26,Business,150,1,25000
804,2389,2022-07-20,Business,200,0,25000
1500,2389,2023-07-20,Business,200,1,25000